Name of action,Timestamp
Read an user on: ,2019-04-18 23:25:22.939
Name of action,Timestamp
Read an user on: ,2019-04-18 23:25:23.064
Name of action,Timestamp
Read an user on: ,2019-04-18 23:25:23.064
Name of action,Timestamp
Read an user on: ,2019-04-18 23:25:53.053
Name of action,Timestamp
Read an user on: ,2019-04-18 23:25:53.116
Name of action,Timestamp
Read an user on: ,2019-04-18 23:25:53.131
Read an user on: ,2019-04-18 23:29:08.649
Read an user on: ,2019-04-18 23:29:08.712
Read an user on: ,2019-04-18 23:29:08.727
Read an user on: ,2019-04-18 23:29:08.727
Read an user on: ,2019-04-18 23:29:08.727
Wrote an admin on :,2019-04-18 23:29:08.727
Wrote an admin on :,2019-04-18 23:29:08.727
Wrote an admin on :,2019-04-18 23:29:08.727
Wrote an admin on :,2019-04-18 23:29:08.743
Wrote an admin on :,2019-04-18 23:29:08.743
Read an user on: ,2019-04-18 23:32:38.654
Read an user on: ,2019-04-18 23:32:38.7
Read an user on: ,2019-04-18 23:32:38.716
Read an user on: ,2019-04-18 23:32:38.716
Read an user on: ,2019-04-18 23:32:38.716
Wrote an admin on :,2019-04-18 23:32:38.716
Wrote an admin on :,2019-04-18 23:32:38.716
Wrote an admin on :,2019-04-18 23:32:38.716
Wrote an admin on :,2019-04-18 23:32:38.716
Wrote an admin on :,2019-04-18 23:32:38.716
Read an user on: ,2019-04-18 23:26:39.115
Read an user on: ,2019-04-18 23:26:39.131
Read an user on: ,2019-04-18 23:26:39.146
Read an user on: ,2019-04-18 23:26:39.146
Read an user on: ,2019-04-18 23:26:39.146
Wrote an admin on :,2019-04-18 23:26:40.068
Wrote an admin on :,2019-04-18 23:26:40.084
Wrote an admin on :,2019-04-18 23:26:40.1
Wrote an admin on :,2019-04-18 23:26:40.1
Wrote an admin on :,2019-04-18 23:26:40.1
Read an user on: ,2019-04-18 23:35:10.11
Read an user on: ,2019-04-18 23:35:10.125
Read an user on: ,2019-04-18 23:35:10.125
Read an user on: ,2019-04-18 23:35:10.141
Read an user on: ,2019-04-18 23:35:10.141
Wrote an admin on :,2019-04-18 23:35:10.157
Wrote an admin on :,2019-04-18 23:35:10.157
Wrote an admin on :,2019-04-18 23:35:10.157
Wrote an admin on :,2019-04-18 23:35:10.188
Wrote an admin on :,2019-04-18 23:35:10.188
Read an user on: ,2019-04-18 23:35:20.115
Read an user on: ,2019-04-18 23:35:20.131
Read an user on: ,2019-04-18 23:35:20.131
Read an user on: ,2019-04-18 23:35:20.131
Read an user on: ,2019-04-18 23:35:20.146
Wrote an admin on :,2019-04-18 23:35:20.146
Wrote an admin on :,2019-04-18 23:35:20.162
Wrote an admin on :,2019-04-18 23:35:20.162
Wrote an admin on :,2019-04-18 23:35:20.162
Wrote an admin on :,2019-04-18 23:35:20.177
Read an user on: ,2019-04-18 23:38:41.821
Read an user on: ,2019-04-18 23:38:41.837
Read an user on: ,2019-04-18 23:38:41.837
Read an user on: ,2019-04-18 23:38:41.837
Read an user on: ,2019-04-18 23:38:41.853
Wrote an admin on :,2019-04-18 23:38:41.853
Wrote an admin on :,2019-04-18 23:38:41.853
Wrote an admin on :,2019-04-18 23:38:41.868
Wrote an admin on :,2019-04-18 23:38:41.868
Wrote an admin on :,2019-04-18 23:38:41.868
Read an user on: ,2019-04-18 23:38:47.487
Read an user on: ,2019-04-18 23:38:47.503
Read an user on: ,2019-04-18 23:38:47.503
Read an user on: ,2019-04-18 23:38:47.503
Read an user on: ,2019-04-18 23:38:47.519
Wrote an admin on :,2019-04-18 23:38:47.519
Wrote an admin on :,2019-04-18 23:38:47.519
Wrote an admin on :,2019-04-18 23:38:47.534
Wrote an admin on :,2019-04-18 23:38:47.534
Wrote an admin on :,2019-04-18 23:38:47.534
Read an admin on: ,2019-04-18 23:57:30.484
Read an admin on: ,2019-04-18 23:57:30.5
Read an admin on: ,2019-04-18 23:57:30.516
Read an admin on: ,2019-04-18 23:57:30.516
Read an admin on: ,2019-04-18 23:57:30.516
Wrote an admin on :,2019-04-18 23:57:30.531
Wrote an admin on :,2019-04-18 23:57:30.531
Wrote an admin on :,2019-04-18 23:57:30.531
Wrote an admin on :,2019-04-18 23:57:30.547
Wrote an admin on :,2019-04-18 23:57:30.547
Read an user on: ,2019-04-18 23:57:30.562
Read an user on: ,2019-04-18 23:57:30.578
Read an user on: ,2019-04-18 23:57:30.594
Read an user on: ,2019-04-18 23:57:30.594
Read an user on: ,2019-04-18 23:57:30.594
Wrote an user on :,2019-04-18 23:57:30.609
Wrote an user on :,2019-04-18 23:57:30.609
Wrote an user on :,2019-04-18 23:57:30.609
Wrote an user on :,2019-04-18 23:57:30.625
Wrote an user on :,2019-04-18 23:57:30.625
Read an admin on: ,2019-04-19 00:32:55.679
Read an admin on: ,2019-04-19 00:32:55.695
Read an admin on: ,2019-04-19 00:32:55.71
Read an admin on: ,2019-04-19 00:32:55.71
Read an admin on: ,2019-04-19 00:32:55.71
Wrote an admin on :,2019-04-19 00:32:55.726
Wrote an admin on :,2019-04-19 00:32:55.726
Wrote an admin on :,2019-04-19 00:32:55.726
Wrote an admin on :,2019-04-19 00:32:55.741
Wrote an admin on :,2019-04-19 00:32:55.741
Read an user on: ,2019-04-19 00:32:55.757
Read an user on: ,2019-04-19 00:32:55.773
Read an user on: ,2019-04-19 00:32:55.773
Read an user on: ,2019-04-19 00:32:55.788
Read an user on: ,2019-04-19 00:32:55.788
Wrote an user on :,2019-04-19 00:32:55.804
Wrote an user on :,2019-04-19 00:32:55.804
Wrote an user on :,2019-04-19 00:32:55.804
Wrote an user on :,2019-04-19 00:32:55.82
Wrote an user on :,2019-04-19 00:32:55.82
Read a book on: ,2019-04-19 00:32:55.835
Read an admin on: ,2019-04-19 00:33:49.727
Read an admin on: ,2019-04-19 00:33:49.758
Read an admin on: ,2019-04-19 00:33:49.758
Read an admin on: ,2019-04-19 00:33:49.774
Read an admin on: ,2019-04-19 00:33:49.774
Wrote an admin on :,2019-04-19 00:33:49.774
Wrote an admin on :,2019-04-19 00:33:49.789
Wrote an admin on :,2019-04-19 00:33:49.789
Wrote an admin on :,2019-04-19 00:33:49.789
Wrote an admin on :,2019-04-19 00:33:49.805
Read an user on: ,2019-04-19 00:33:49.821
Read an user on: ,2019-04-19 00:33:49.821
Read an user on: ,2019-04-19 00:33:49.836
Read an user on: ,2019-04-19 00:33:49.836
Read an user on: ,2019-04-19 00:33:49.852
Wrote an user on :,2019-04-19 00:33:49.852
Wrote an user on :,2019-04-19 00:33:49.868
Wrote an user on :,2019-04-19 00:33:49.868
Wrote an user on :,2019-04-19 00:33:49.868
Wrote an user on :,2019-04-19 00:33:49.883
Read a book on: ,2019-04-19 00:33:49.883
Read an admin on: ,2019-04-19 00:34:12.991
Read an admin on: ,2019-04-19 00:34:13.007
Read an admin on: ,2019-04-19 00:34:13.007
Read an admin on: ,2019-04-19 00:34:13.007
Read an admin on: ,2019-04-19 00:34:13.023
Wrote an admin on :,2019-04-19 00:34:13.023
Wrote an admin on :,2019-04-19 00:34:13.038
Wrote an admin on :,2019-04-19 00:34:13.038
Wrote an admin on :,2019-04-19 00:34:13.038
Wrote an admin on :,2019-04-19 00:34:13.054
Read an user on: ,2019-04-19 00:34:13.07
Read an user on: ,2019-04-19 00:34:13.085
Read an user on: ,2019-04-19 00:34:13.085
Read an user on: ,2019-04-19 00:34:13.101
Read an user on: ,2019-04-19 00:34:13.101
Wrote an user on :,2019-04-19 00:34:13.116
Wrote an user on :,2019-04-19 00:34:13.116
Wrote an user on :,2019-04-19 00:34:13.116
Wrote an user on :,2019-04-19 00:34:13.132
Wrote an user on :,2019-04-19 00:34:13.132
Read a book on: ,2019-04-19 00:34:13.148
Read an admin on: ,2019-04-19 00:34:25.638
Read an admin on: ,2019-04-19 00:34:25.654
Read an admin on: ,2019-04-19 00:34:25.654
Read an admin on: ,2019-04-19 00:34:25.67
Read an admin on: ,2019-04-19 00:34:25.67
Wrote an admin on :,2019-04-19 00:34:25.685
Wrote an admin on :,2019-04-19 00:34:25.685
Wrote an admin on :,2019-04-19 00:34:25.701
Wrote an admin on :,2019-04-19 00:34:25.701
Wrote an admin on :,2019-04-19 00:34:25.717
Read an user on: ,2019-04-19 00:34:25.732
Read an user on: ,2019-04-19 00:34:25.732
Read an user on: ,2019-04-19 00:34:25.748
Read an user on: ,2019-04-19 00:34:25.748
Read an user on: ,2019-04-19 00:34:25.748
Wrote an user on :,2019-04-19 00:34:25.763
Wrote an user on :,2019-04-19 00:34:25.763
Wrote an user on :,2019-04-19 00:34:25.763
Wrote an user on :,2019-04-19 00:34:25.779
Wrote an user on :,2019-04-19 00:34:25.779
Read a book on: ,2019-04-19 00:34:25.795
Read an admin on: ,2019-04-19 00:35:08.434
Read an admin on: ,2019-04-19 00:35:08.45
Read an admin on: ,2019-04-19 00:35:08.465
Read an admin on: ,2019-04-19 00:35:08.465
Read an admin on: ,2019-04-19 00:35:08.481
Wrote an admin on :,2019-04-19 00:35:08.481
Wrote an admin on :,2019-04-19 00:35:08.497
Wrote an admin on :,2019-04-19 00:35:08.497
Wrote an admin on :,2019-04-19 00:35:08.497
Wrote an admin on :,2019-04-19 00:35:08.512
Read an user on: ,2019-04-19 00:35:08.528
Read an user on: ,2019-04-19 00:35:08.528
Read an user on: ,2019-04-19 00:35:08.544
Read an user on: ,2019-04-19 00:35:08.559
Read an user on: ,2019-04-19 00:35:08.559
Wrote an user on :,2019-04-19 00:35:08.559
Wrote an user on :,2019-04-19 00:35:08.575
Wrote an user on :,2019-04-19 00:35:08.575
Wrote an user on :,2019-04-19 00:35:08.59
Wrote an user on :,2019-04-19 00:35:08.59
Read a book on: ,2019-04-19 00:35:08.59
Wrote a book on :,2019-04-19 00:35:08.606
Read an admin on: ,2019-04-19 00:35:31.305
Read an admin on: ,2019-04-19 00:35:31.336
Read an admin on: ,2019-04-19 00:35:31.351
Read an admin on: ,2019-04-19 00:35:31.351
Read an admin on: ,2019-04-19 00:35:31.367
Wrote an admin on :,2019-04-19 00:35:31.367
Wrote an admin on :,2019-04-19 00:35:31.383
Wrote an admin on :,2019-04-19 00:35:31.383
Wrote an admin on :,2019-04-19 00:35:31.398
Wrote an admin on :,2019-04-19 00:35:31.414
Read an user on: ,2019-04-19 00:35:31.445
Read an user on: ,2019-04-19 00:35:31.445
Read an user on: ,2019-04-19 00:35:31.461
Read an user on: ,2019-04-19 00:35:31.461
Read an user on: ,2019-04-19 00:35:31.461
Wrote an user on :,2019-04-19 00:35:31.476
Wrote an user on :,2019-04-19 00:35:31.476
Wrote an user on :,2019-04-19 00:35:31.476
Wrote an user on :,2019-04-19 00:35:31.492
Wrote an user on :,2019-04-19 00:35:31.492
Read a book on: ,2019-04-19 00:35:31.508
Wrote a book on :,2019-04-19 00:35:31.508
Read an admin on: ,2019-04-19 00:36:26.655
Read an admin on: ,2019-04-19 00:36:26.67
Read an admin on: ,2019-04-19 00:36:26.67
Read an admin on: ,2019-04-19 00:36:26.67
Read an admin on: ,2019-04-19 00:36:26.686
Wrote an admin on :,2019-04-19 00:36:26.686
Wrote an admin on :,2019-04-19 00:36:26.701
Wrote an admin on :,2019-04-19 00:36:26.701
Wrote an admin on :,2019-04-19 00:36:26.717
Wrote an admin on :,2019-04-19 00:36:26.717
Read an user on: ,2019-04-19 00:36:26.733
Read an user on: ,2019-04-19 00:36:26.733
Read an user on: ,2019-04-19 00:36:26.748
Read an user on: ,2019-04-19 00:36:26.748
Read an user on: ,2019-04-19 00:36:26.748
Wrote an user on :,2019-04-19 00:36:26.764
Wrote an user on :,2019-04-19 00:36:26.764
Wrote an user on :,2019-04-19 00:36:26.78
Wrote an user on :,2019-04-19 00:36:26.795
Wrote an user on :,2019-04-19 00:36:26.795
Read a book on: ,2019-04-19 00:36:26.811
Read a book on: ,2019-04-19 00:36:26.811
Wrote a book on :,2019-04-19 00:36:26.826
Wrote a book on :,2019-04-19 00:36:26.826
Read an admin on: ,2019-04-19 00:50:25.385
Read an admin on: ,2019-04-19 00:50:25.401
Read an admin on: ,2019-04-19 00:50:25.416
Read an admin on: ,2019-04-19 00:50:25.416
Read an admin on: ,2019-04-19 00:50:25.432
Wrote an admin on :,2019-04-19 00:50:25.432
Wrote an admin on :,2019-04-19 00:50:25.448
Wrote an admin on :,2019-04-19 00:50:25.448
Wrote an admin on :,2019-04-19 00:50:25.463
Wrote an admin on :,2019-04-19 00:50:25.463
Read an user on: ,2019-04-19 00:50:25.495
Read an user on: ,2019-04-19 00:50:25.51
Read an user on: ,2019-04-19 00:50:25.51
Read an user on: ,2019-04-19 00:50:25.51
Read an user on: ,2019-04-19 00:50:25.526
Wrote an user on :,2019-04-19 00:50:25.526
Wrote an user on :,2019-04-19 00:50:25.526
Wrote an user on :,2019-04-19 00:50:25.541
Wrote an user on :,2019-04-19 00:50:25.541
Wrote an user on :,2019-04-19 00:50:25.541
Read a book on: ,2019-04-19 00:50:25.557
Read a book on: ,2019-04-19 00:50:25.573
Wrote a book on :,2019-04-19 00:50:25.573
Wrote a book on :,2019-04-19 00:50:25.573
Read a book on: ,2019-04-19 00:50:25.588
Read a book on: ,2019-04-19 00:50:25.588
Wrote a book on :,2019-04-19 00:50:25.604
Wrote a book on :,2019-04-19 00:50:25.62
Read an admin on: ,2019-04-19 00:50:51.421
Read an admin on: ,2019-04-19 00:50:51.437
Read an admin on: ,2019-04-19 00:50:51.453
Read an admin on: ,2019-04-19 00:50:51.453
Read an admin on: ,2019-04-19 00:50:51.453
Wrote an admin on :,2019-04-19 00:50:51.468
Wrote an admin on :,2019-04-19 00:50:51.468
Wrote an admin on :,2019-04-19 00:50:51.468
Wrote an admin on :,2019-04-19 00:50:51.484
Wrote an admin on :,2019-04-19 00:50:51.484
Read an user on: ,2019-04-19 00:50:51.499
Read an user on: ,2019-04-19 00:50:51.515
Read an user on: ,2019-04-19 00:50:51.531
Read an user on: ,2019-04-19 00:50:51.531
Read an user on: ,2019-04-19 00:50:51.531
Wrote an user on :,2019-04-19 00:50:51.546
Wrote an user on :,2019-04-19 00:50:51.546
Wrote an user on :,2019-04-19 00:50:51.562
Wrote an user on :,2019-04-19 00:50:51.562
Wrote an user on :,2019-04-19 00:50:51.562
Read a book on: ,2019-04-19 00:50:51.578
Read a book on: ,2019-04-19 00:50:51.578
Wrote a book on :,2019-04-19 00:50:51.578
Wrote a book on :,2019-04-19 00:50:51.593
Read a book on: ,2019-04-19 00:50:51.609
Read a book on: ,2019-04-19 00:50:51.609
Wrote a book on :,2019-04-19 00:50:51.609
Wrote a book on :,2019-04-19 00:50:51.624
Read an admin on: ,2019-04-19 00:51:35.579
Read an admin on: ,2019-04-19 00:51:35.595
Read an admin on: ,2019-04-19 00:51:35.611
Read an admin on: ,2019-04-19 00:51:35.611
Read an admin on: ,2019-04-19 00:51:35.626
Wrote an admin on :,2019-04-19 00:51:35.626
Wrote an admin on :,2019-04-19 00:51:35.626
Wrote an admin on :,2019-04-19 00:51:35.642
Wrote an admin on :,2019-04-19 00:51:35.642
Wrote an admin on :,2019-04-19 00:51:35.642
Read an user on: ,2019-04-19 00:51:35.657
Read an user on: ,2019-04-19 00:51:35.673
Read an user on: ,2019-04-19 00:51:35.673
Read an user on: ,2019-04-19 00:51:35.673
Read an user on: ,2019-04-19 00:51:35.689
Wrote an user on :,2019-04-19 00:51:35.704
Wrote an user on :,2019-04-19 00:51:35.704
Wrote an user on :,2019-04-19 00:51:35.72
Wrote an user on :,2019-04-19 00:51:35.72
Wrote an user on :,2019-04-19 00:51:35.736
Read a book on: ,2019-04-19 00:51:35.736
Read a book on: ,2019-04-19 00:51:35.751
Wrote a book on :,2019-04-19 00:51:35.751
Wrote a book on :,2019-04-19 00:51:35.751
Read a book on: ,2019-04-19 00:51:35.767
Read a book on: ,2019-04-19 00:51:35.767
Wrote a book on :,2019-04-19 00:51:35.782
Wrote a book on :,2019-04-19 00:51:35.782
